,Moderate_Moderate to Severe,Moderate_Severe,Moderate_Mild,Moderate_Very Severe,Moderate_Minimal,Moderate to Severe_Moderate,Moderate to Severe_Severe,Moderate to Severe_Mild,Moderate to Severe_Very Severe,Moderate to Severe_Minimal,Severe_Moderate,Severe_Moderate to Severe,Severe_Mild,Severe_Very Severe,Severe_Minimal,Mild_Moderate,Mild_Moderate to Severe,Mild_Severe,Mild_Very Severe,Mild_Minimal,Very Severe_Moderate,Very Severe_Moderate to Severe,Very Severe_Severe,Very Severe_Mild,Very Severe_Minimal,Minimal_Moderate,Minimal_Moderate to Severe,Minimal_Severe,Minimal_Mild,Minimal_Very Severe
NP3POSTR,5.5252874385283204e-08,1.6078537521332925e-10,1.3909221006686302e-15,9.26897854812904e-09,2.382223467396695e-12,5.5252874385283204e-08,0.017334541700327402,7.147624146539106e-31,0.0014430780339732647,3.020171836560626e-20,1.6078537521332925e-10,0.017334541700327402,7.029968751390015e-29,0.1201764099489212,1.5416914243821696e-22,1.3909221006686302e-15,7.147624146539106e-31,7.029968751390015e-29,4.2786458159478736e-20,0.0007732574064461444,9.26897854812904e-09,0.0014430780339732647,0.1201764099489212,4.2786458159478736e-20,1.082523321756985e-19,2.382223467396695e-12,3.020171836560626e-20,1.5416914243821696e-22,0.0007732574064461444,1.082523321756985e-19
DATSCAN_PUTAMEN_R,0.016767329459787966,0.0004593032148310812,0.0015644144530753102,0.07070853030251457,6.906426939551734e-06,0.016767329459787966,0.07366958865667819,3.1060952493978186e-06,0.40973850757711205,1.0954110729120877e-07,0.0004593032148310812,0.07366958865667819,8.435278884922854e-07,0.8021239039844279,3.192703665331737e-08,0.0015644144530753102,3.1060952493978186e-06,8.435278884922854e-07,0.007357045323257453,0.009756393716216637,0.07070853030251457,0.40973850757711205,0.8021239039844279,0.007357045323257453,0.0010709210435857915,6.906426939551734e-06,1.0954110729120877e-07,3.192703665331737e-08,0.009756393716216637,0.0010709210435857915
NP2DRES,1.8016153120850482e-11,2.8882829523751027e-24,9.850814215634932e-15,2.275736709597729e-18,9.670942909171984e-12,1.8016153120850482e-11,9.576808993406636e-08,3.078576090824576e-39,1.1986866685160301e-08,7.241011806458401e-24,2.8882829523751027e-24,9.576808993406636e-08,5.22150044596213e-55,0.008919092190189175,3.4661741364372853e-38,9.850814215634932e-15,3.078576090824576e-39,5.22150044596213e-55,7.215406016691725e-39,0.00010631300118118134,2.275736709597729e-18,1.1986866685160301e-08,0.008919092190189175,7.215406016691725e-39,1.5327609689369379e-29,9.670942909171984e-12,7.241011806458401e-24,3.4661741364372853e-38,0.00010631300118118134,1.5327609689369379e-29
NP3RIGN,8.504088914038816e-05,0.0001457001970031976,8.809067880347485e-21,1.2189636824285875e-06,2.8028564731660245e-10,8.504088914038816e-05,0.3124297388787738,4.431756189696402e-31,0.0023566169022352793,7.491270658724679e-16,0.0001457001970031976,0.3124297388787738,7.303230395726383e-23,0.03373770462228447,6.327228625722841e-15,8.809067880347485e-21,4.431756189696402e-31,7.303230395726383e-23,1.3115991530028711e-20,0.0553221089562059,1.2189636824285875e-06,0.0023566169022352793,0.03373770462228447,1.3115991530028711e-20,4.772997547132636e-16,2.8028564731660245e-10,7.491270658724679e-16,6.327228625722841e-15,0.0553221089562059,4.772997547132636e-16
NHY,8.760380750696551e-06,9.515896276148074e-05,5.546279069682613e-23,8.690680326590954e-22,1.571231859867348e-16,8.760380750696551e-06,0.5364746496506088,2.0854883199615608e-27,2.504624424207417e-11,4.770268700122887e-19,9.515896276148074e-05,0.5364746496506088,5.591198861678317e-17,6.581584370666153e-08,1.5189526013640493e-16,5.546279069682613e-23,2.0854883199615608e-27,5.591198861678317e-17,4.7713669612701354e-26,0.022770357737678902,8.690680326590954e-22,2.504624424207417e-11,6.581584370666153e-08,4.7713669612701354e-26,7.313809097783533e-14,1.571231859867348e-16,4.770268700122887e-19,1.5189526013640493e-16,0.022770357737678902,7.313809097783533e-14
NP2HOBB,5.672645177513652e-12,6.158971767059597e-22,2.6794091638103227e-11,4.519887048586914e-22,5.804704327121952e-09,5.672645177513652e-12,8.735376786123185e-05,9.52205268350283e-32,7.116783658243374e-08,2.2156787122506493e-16,6.158971767059597e-22,8.735376786123185e-05,3.0129009767623486e-42,0.010808828420269707,2.7448934501853975e-22,2.6794091638103227e-11,9.52205268350283e-32,3.0129009767623486e-42,5.209003396446961e-40,0.0018143902309139175,4.519887048586914e-22,7.116783658243374e-08,0.010808828420269707,5.209003396446961e-40,9.49335080922271e-26,5.804704327121952e-09,2.2156787122506493e-16,2.7448934501853975e-22,0.0018143902309139175,9.49335080922271e-26
DATSCAN_CAUDATE_R,0.0001246613883261787,0.0001611571697304988,0.009889330735043254,0.0011651712388296496,0.004221596973721053,0.0001246613883261787,0.23967539719406883,4.700351739399897e-09,0.07836238878068388,1.2271679331511288e-06,0.0001611571697304988,0.23967539719406883,1.616383720217257e-07,0.3446659168003875,5.0297914354468235e-06,0.009889330735043254,4.700351739399897e-09,1.616383720217257e-07,3.140937485478107e-05,0.12462869175568221,0.0011651712388296496,0.07836238878068388,0.3446659168003875,3.140937485478107e-05,0.00034641649322983604,0.004221596973721053,1.2271679331511288e-06,5.0297914354468235e-06,0.12462869175568221,0.00034641649322983604
DATSCAN_CAUDATE_L,1.775826881723716e-05,0.0008064000773512291,0.007369445095406332,3.156606130115541e-06,0.04979753979872896,1.775826881723716e-05,0.61358945089964,6.862054431603652e-10,0.0021994116749196814,1.9825312432106835e-05,0.0008064000773512291,0.61358945089964,4.002563892608759e-06,0.02850166756907591,0.0006399781410541984,0.007369445095406332,6.862054431603652e-10,4.002563892608759e-06,9.38477161255747e-08,0.6075174074736616,3.156606130115541e-06,0.0021994116749196814,0.02850166756907591,9.38477161255747e-08,3.314679449301146e-05,0.04979753979872896,1.9825312432106835e-05,0.0006399781410541984,0.6075174074736616,3.314679449301146e-05
DATSCAN_PUTAMEN_L_ANT,5.128913387706443e-06,0.00023516277973165204,0.0013771237938230985,2.422433058507784e-05,0.024419068533909686,5.128913387706443e-06,0.454062220403079,1.6311821304865513e-11,0.005680511085200542,3.2683109100507967e-07,0.00023516277973165204,0.454062220403079,4.2010704475793974e-07,0.07864249446218147,3.5089474303407695e-05,0.0013771237938230985,1.6311821304865513e-11,4.2010704475793974e-07,8.270551170899473e-07,0.6678514213471656,2.422433058507784e-05,0.005680511085200542,0.07864249446218147,8.270551170899473e-07,3.911224641903109e-06,0.024419068533909686,3.2683109100507967e-07,3.5089474303407695e-05,0.6678514213471656,3.911224641903109e-06
NP2TURN,6.972519467748002e-13,8.027492045634636e-20,0.014355199667060059,2.2318543878445085e-19,3.5030636619518403e-06,6.972519467748002e-13,0.00022053144038344729,4.634112342322905e-19,1.6542628734443787e-07,2.868459216168845e-16,8.027492045634636e-20,0.00022053144038344729,1.603010316256164e-25,0.014854514815681005,5.245076879132926e-21,0.014355199667060059,4.634112342322905e-19,1.603010316256164e-25,2.9883917530248385e-23,0.00031323414439500096,2.2318543878445085e-19,1.6542628734443787e-07,0.014854514815681005,2.9883917530248385e-23,2.1834365499395232e-17,3.5030636619518403e-06,2.868459216168845e-16,5.245076879132926e-21,0.00031323414439500096,2.1834365499395232e-17
DATSCAN_PUTAMEN_R_ANT,0.00027377105815050575,4.7311995492357365e-05,0.010420597764536358,0.007690518554397248,0.0001328165118339679,0.00027377105815050575,0.11539755887294667,3.323630104301967e-08,0.22166637129320724,4.77585529950355e-08,4.7311995492357365e-05,0.11539755887294667,7.860163213849433e-08,0.7877317975831577,1.1843907236798968e-07,0.010420597764536358,3.323630104301967e-08,7.860163213849433e-08,0.0005518755800823094,0.015323991940906367,0.007690518554397248,0.22166637129320724,0.7877317975831577,0.0005518755800823094,0.0005229423314169428,0.0001328165118339679,4.77585529950355e-08,1.1843907236798968e-07,0.015323991940906367,0.0005229423314169428
Shannon_Entropy,0.6106155658316941,0.0276881314193773,0.2601152793160663,0.019100625949789094,0.327057848374837,0.6106155658316941,0.12061897217837,0.10425691361157206,0.038629301162069384,0.537237504237398,0.0276881314193773,0.12061897217837,0.0028633572636676363,0.7509724238494551,0.439591279321914,0.2601152793160663,0.10425691361157206,0.0028633572636676363,0.00011109108018652638,0.028279881703183973,0.019100625949789094,0.038629301162069384,0.7509724238494551,0.00011109108018652638,0.09572432584483676,0.327057848374837,0.537237504237398,0.439591279321914,0.028279881703183973,0.09572432584483676
NP3BRADY,1.2210042614030987e-07,4.353913516297232e-11,2.0518671707506057e-24,3.0953658465675965e-07,2.3242617696140927e-16,1.2210042614030987e-07,0.006584269473770236,1.9134574418719694e-36,0.00643396191276741,1.5704033179656372e-22,4.353913516297232e-11,0.006584269473770236,2.2242806970185125e-31,0.37705828763694105,8.431159248624968e-21,2.0518671707506057e-24,1.9134574418719694e-36,2.2242806970185125e-31,1.0177840364510721e-17,0.003112024904912479,3.0953658465675965e-07,0.00643396191276741,0.37705828763694105,1.0177840364510721e-17,3.845231379937935e-14,2.3242617696140927e-16,1.5704033179656372e-22,8.431159248624968e-21,0.003112024904912479,3.845231379937935e-14
NP3LGAGR,5.722364851942993e-11,2.4586067248864803e-14,6.652045603683956e-08,2.9461830535877287e-23,6.248310599577012e-05,5.722364851942993e-11,0.01611414509449778,3.599089484998699e-26,2.8161874713987498e-08,7.23987634642182e-11,2.4586067248864803e-14,0.01611414509449778,1.7176512937579703e-28,0.0011777193763948908,2.7880447096327793e-12,6.652045603683956e-08,3.599089484998699e-26,1.7176512937579703e-28,4.888456888367858e-40,0.09263669637629424,2.9461830535877287e-23,2.8161874713987498e-08,0.0011777193763948908,4.888456888367858e-40,3.12428225459961e-18,6.248310599577012e-05,7.23987634642182e-11,2.7880447096327793e-12,0.09263669637629424,3.12428225459961e-18
DATSCAN_PUTAMEN_L,0.00013305206471329585,0.000189337571667594,0.0002871559589490672,0.0002976245216062003,0.007473068992736432,0.00013305206471329585,0.21088218636369555,7.004303150919004e-10,0.0194896339726612,5.157851837212089e-07,0.000189337571667594,0.21088218636369555,3.3852630383127547e-07,0.1845430438712263,3.0403715788183174e-06,0.0002871559589490672,7.004303150919004e-10,3.3852630383127547e-07,2.1274609452735643e-05,0.6229391371060136,0.0002976245216062003,0.0194896339726612,0.1845430438712263,2.1274609452735643e-05,8.689807590549862e-06,0.007473068992736432,5.157851837212089e-07,3.0403715788183174e-06,0.6229391371060136,8.689807590549862e-06
Circularity,0.11527519688627788,0.03302889219058645,0.9907097859151001,0.759171116014324,0.857048561908668,0.11527519688627788,0.47350309172608906,0.14067445177010765,0.7548170094442912,0.345855714768344,0.03302889219058645,0.47350309172608906,0.04489382922624728,0.5149261943542537,0.18390157963990195,0.9907097859151001,0.14067445177010765,0.04489382922624728,0.7655680925087089,0.8685895705402122,0.759171116014324,0.7548170094442912,0.5149261943542537,0.7655680925087089,0.68720012545384,0.857048561908668,0.345855714768344,0.18390157963990195,0.8685895705402122,0.68720012545384
correlation,0.44201512163462964,0.7726379678249985,0.3653502318688364,0.5266284912980073,0.19414729497432015,0.44201512163462964,0.835736962228885,0.15016090088972514,0.8282616196978536,0.591419206337314,0.7726379678249985,0.835736962228885,0.3952508631932862,0.7424306128139331,0.46502631354591384,0.3653502318688364,0.15016090088972514,0.3952508631932862,0.3030869044750851,0.04532189735896142,0.5266284912980073,0.8282616196978536,0.7424306128139331,0.3030869044750851,0.9180218598332879,0.19414729497432015,0.591419206337314,0.46502631354591384,0.04532189735896142,0.9180218598332879
NP3HMOVR,4.5101095350166364e-10,7.287472026199707e-09,1.0635260579054956e-08,7.409454249003736e-10,6.678591539349502e-06,4.5101095350166364e-10,0.27274959166197293,1.72006508287487e-24,0.003357149583727128,1.4693784348691658e-12,7.287472026199707e-09,0.27274959166197293,1.3914065956298845e-19,0.0195381719761235,7.975461204666073e-14,1.0635260579054956e-08,1.72006508287487e-24,1.3914065956298845e-19,2.24316612567635e-17,0.11457834230881726,7.409454249003736e-10,0.003357149583727128,0.0195381719761235,2.24316612567635e-17,3.770857306911845e-15,6.678591539349502e-06,1.4693784348691658e-12,7.975461204666073e-14,0.11457834230881726,3.770857306911845e-15
Major axis length,0.4890635043485707,0.03434590470378042,0.10764397872372902,0.9223443457864977,0.902543860274593,0.4890635043485707,0.13649110274539616,0.05133880205545924,0.8617758763314443,0.5991138913178382,0.03434590470378042,0.13649110274539616,0.003445672646878898,0.35675336380519107,0.12012786672337833,0.10764397872372902,0.05133880205545924,0.003445672646878898,0.5275880540017468,0.46226234170845004,0.9223443457864977,0.8617758763314443,0.35675336380519107,0.5275880540017468,0.8878433622039753,0.902543860274593,0.5991138913178382,0.12012786672337833,0.46226234170845004,0.8878433622039753
NP3TTAPL,3.725003580694215e-06,4.6857728687425715e-07,2.3962854859344633e-09,4.029455733856343e-12,2.609320284404996e-10,3.725003580694215e-06,0.116896651883769,8.281438179337206e-22,5.641396448784615e-06,3.3458481408276616e-16,4.6857728687425715e-07,0.116896651883769,1.7440987233541735e-21,0.00011992047326890935,4.51045520423304e-21,2.3962854859344633e-09,8.281438179337206e-22,1.7440987233541735e-21,7.306238962747196e-26,2.0160355783924803e-05,4.029455733856343e-12,5.641396448784615e-06,0.00011992047326890935,7.306238962747196e-26,1.3247654833900814e-23,2.609320284404996e-10,3.3458481408276616e-16,4.51045520423304e-21,2.0160355783924803e-05,1.3247654833900814e-23
